horizon,positive,negative,positive_pct
12,49,172,22.171945701357465
24,63,158,28.50678733031674
48,66,155,29.86425339366516
72,69,152,31.221719457013574
