event,count,pct
0,152,68.77828054298642
1,69,31.221719457013574
