metric,value
event_rate_pct,31.221719457013574
censor_rate_pct,68.77828054298642
time_min,0.0012202119444444
time_max,66.99447413277778
time_outside_0_72,0.0
monotonic_label_violations,0.0
